domain,url,start,end
github.com,https://github.com/trending/oz,1777688139.193109274,1777688146.049048901
google.com,https://www.google.com/finance/quote/CVT:NZE,1777688151.049344778,1777688158.874775410
geeksforgeeks.org,https://www.geeksforgeeks.org/maths/parallel-perpendicular-and-intersecting-lines-worksheets/,1777688163.874954224,1777688175.507645607
github.com,https://github.com/trending/procfile,1777688180.507820129,1777688187.618064880
geeksforgeeks.org,https://www.geeksforgeeks.org/python/writing-files-background-python/,1777688192.618375540,1777688200.018575907
github.com,https://github.com/taplivelabs,1777688205.018728018,1777688214.190827608
github.com,https://github.com/orgs/community/discussions/194360,1777688219.191170216,1777688225.265735388
geeksforgeeks.org,https://www.geeksforgeeks.org/dsa/fermats-last-theorem/,1777688230.265947819,1777688237.272516489
yahoo.com,https://www.yahoo.com/entertainment/celebrity/articles/meghan-markle-public-actions-considered-091203974.html,1777688242.272722006,1777688249.731172323
yahoo.com,https://www.yahoo.com/news/articles/lakeland-man-arrested-deadly-shooting-114459961.html,1777688254.731406450,1777688261.213859797
google.com,https://www.google.com/finance/quote/DG:NYSE,1777688266.214026690,1777688273.461890697
yahoo.com,https://www.yahoo.com/news/rpd-maplewood-park-shooting-151600701.html,1777688278.462068796,1777688284.089405298
github.com,https://github.com/desktop/desktop/blob/development/tsconfig.json,1777688289.089611530,1777688296.075809717
github.com,https://github.com/15768365909,1777688301.076028109,1777688306.728863239
github.com,https://github.com/trending/typespec,1777688311.729099512,1777688317.882905483
yahoo.com,https://www.yahoo.com/news/officer-hit-head-east-charlotte-112109083.html,1777688322.883090258,1777688328.660737038
github.com,https://github.com/breadbaker,1777688333.660910368,1777688339.748590946
geeksforgeeks.org,https://www.geeksforgeeks.org/ruby/ruby-set-divide-function/,1777688344.748813391,1777688352.169013739
geeksforgeeks.org,https://www.geeksforgeeks.org/interview-experiences/amdocs-interview-experience-off-campus/,1777688357.169196606,1777688364.157846689
yahoo.com,https://www.yahoo.com/tech/ranking-arachnophobia-modes-someone-whos-170909248.html,1777688369.158041239,1777688376.404501438
github.com,https://github.com/okainov,1777688381.404661655,1777688387.539432764
google.com,https://www.google.com/finance/quote/ENX:EPA,1777688392.539722681,1777688399.100447178
google.com,https://www.google.com/finance/quote/EIFAX:MUTF,1777688404.100634336,1777688410.477779388
geeksforgeeks.org,https://www.geeksforgeeks.org/quizzes/stop-and-wait-arq/,1777688415.477983236,1777688421.823419571
google.com,https://www.google.com/finance/quote/00653L:TPE,1777688426.823613405,1777688433.066879988
geeksforgeeks.org,https://www.geeksforgeeks.org/dsa/corona-virus-tcs-codevita-2020/,1777688438.067023516,1777688444.769100428
google.com,https://www.google.com/finance/quote/EMLC:NYSEARCA,1777688449.769334078,1777688455.999592543
google.com,https://www.google.com/finance/quote/INIIX:MUTF,1777688460.999791145,1777688467.297082663
geeksforgeeks.org,https://www.geeksforgeeks.org/dsa/minimum-value-to-be-added-to-the-prefix-sums-at-each-array-indices-to-make-them-positive/,1777688472.297280550,1777688478.781345367
yahoo.com,https://www.yahoo.com/entertainment/articles/lou-christie-singer-songwriter-hit-174910305.html,1777688483.781527281,1777688490.266765594
yahoo.com,https://www.yahoo.com/news/bridging-digital-divide-tiny-village-061732312.html,1777688495.266923189,1777688503.534814835
github.com,https://github.com/giantroi123,1777688508.534975529,1777688515.319725037
github.com,https://github.com/orgs/community/discussions/194233,1777688520.319932222,1777688526.213980198
geeksforgeeks.org,https://www.geeksforgeeks.org/css/introduction-to-css-flexbox/,1777688531.214150906,1777688538.460784912
geeksforgeeks.org,https://www.geeksforgeeks.org/quizzes/c-hashtable/,1777688543.461083651,1777688549.958684206
github.com,https://github.com/trending/lsl,1777688554.958879471,1777688561.069321632
google.com,https://www.google.com/finance/quote/BIOM:LON,1777688566.069549084,1777688572.115281343
github.com,https://github.com/dzhhem/ReactNativeLabWorks/stargazers,1777688577.115478277,1777688582.919680119
google.com,https://www.google.com/finance/quote/SXIV:INDEXSTOXX,1777688587.919880867,1777688594.265627623
geeksforgeeks.org,https://www.geeksforgeeks.org/c-sharp/queue-equals-method-in-c-sharp/,1777688599.265821457,1777688606.429078102
yahoo.com,https://www.yahoo.com/news/minnesota-sen-nicole-mitchell-resign-165823413.html,1777688611.429270029,1777688617.329701424
google.com,https://www.google.com/intl/sk/chrome/,1777688622.329995632,1777688628.760799885
geeksforgeeks.org,https://www.geeksforgeeks.org/python/imagefield-django-models/,1777688633.760986567,1777688640.900382757
google.com,https://www.google.com/finance/quote/600233:SHA,1777688645.900538921,1777688652.421171427
google.com,https://www.google.com/finance/quote/MXIM:NASDAQ,1777688657.421337128,1777688663.376658916
github.com,https://github.com/resources/whitepapers/agentic-ai-security-and-devops,1777688668.376851559,1777688676.522060394
github.com,https://github.com/Dev2-ATS,1777688681.522246122,1777688687.312579632
github.com,https://github.com/orgs/community/discussions/46769,1777688692.312903881,1777688698.723905802
github.com,https://github.com/MITARPALGROVER,1777688703.724104881,1777688710.251924515
yahoo.com,https://www.yahoo.com/entertainment/matthew-mcconaughey-letting-hair-down-151030670.html,1777688715.252157211,1777688720.939915419
github.com,https://github.com/YasH-Bodhe,1777688725.940099478,1777688733.153053284
github.com,https://github.com/orgs/community/discussions/184084,1777688738.153238297,1777688744.188375950
yahoo.com,https://www.yahoo.com/news/southern-power-issues-statement-following-035039947.html,1777688749.188600063,1777688755.079631329
github.com,https://github.com/trending/nunjucks,1777688760.079842806,1777688766.617805481
google.com,https://www.google.com/finance/quote/300181:SHE,1777688771.617990732,1777688777.784697294
google.com,https://www.google.com/finance/quote/SCABLE:KLSE,1777688782.784891129,1777688788.793876171
geeksforgeeks.org,https://www.geeksforgeeks.org/flutter/flutter-custom-clipper/,1777688793.794316530,1777688800.736230612
github.com,https://github.com/mcp,1777688805.736422539,1777688812.606988907
github.com,https://github.com/astesin,1777688817.607185841,1777688823.354299068
geeksforgeeks.org,https://www.geeksforgeeks.org/dsa/program-to-convert-hexa-decimal-number-to-its-equivalent-bcd/,1777688828.354494095,1777688835.484465837
google.com,https://www.google.com/finance/quote/FLIFX:MUTF,1777688840.484702826,1777688846.626643419
geeksforgeeks.org,https://www.geeksforgeeks.org/compiler-design/constant-propagation-in-complier-design/,1777688851.626806736,1777688860.058260918
google.com,https://www.google.com/finance/quote/2689:HKG,1777688865.058453083,1777688871.399481058
github.com,https://github.com/notifications/unsubscribe-auth/BUVCDHE2BFJDTNM5FTSM5XD4YN7IJAVCNFSM6AAAAACX5NR4OWVHI2DSMVQWIX3LMV43URDJONRXK43TNFXW4Q3PNVWWK3TUHMYTMNZXGIYTKNQ,1777688876.399743557,1777688882.406940460
geeksforgeeks.org,https://www.geeksforgeeks.org/javascript/fabric-js-polyline-strokeuniform-property/,1777688887.407113314,1777688894.670083046
yahoo.com,https://www.yahoo.com/news/articles/man-abandoned-baby-outside-bathroom-114124362.html,1777688899.670267582,1777688905.829526186
geeksforgeeks.org,https://www.geeksforgeeks.org/quizzes/gate-ecelctromagnetic-field-theory-waveguide-pyqs2000-2025/,1777688910.829702139,1777688918.382421732
yahoo.com,https://www.yahoo.com/lifestyle/foreign-office-updates-france-advice-101634888.html,1777688923.382615805,1777688929.798670292
github.com,https://github.com/trending/java,1777688934.798873425,1777688942.401496172
github.com,https://github.com/jhonnywalker77777019,1777688947.401629448,1777688953.274292469
google.com,https://www.google.com/finance/quote/AGHOL:IST,1777688958.274531126,1777688964.563746452
github.com,https://github.com/exvuma,1777688969.564060211,1777688975.492991686
yahoo.com,https://www.yahoo.com/entertainment/eliminated-act-most-robbed-agt-031520557.html,1777688980.493174791,1777688986.317548513
github.com,https://github.com/hockdudu,1777688991.317722797,1777688997.678417921
github.com,https://github.com/gpbl,1777689002.678601742,1777689008.702191353
google.com,https://www.google.com/finance/quote/DGIFX:MUTF,1777689013.702398300,1777689020.084776640
yahoo.com,https://www.yahoo.com/lifestyle/national-cookie-day-where-cookie-153256694.html,1777689025.084989548,1777689031.136798382
yahoo.com,https://www.yahoo.com/news/articles/crash-u-50-sends-2-205251962.html,1777689036.136985302,1777689042.088408232
github.com,https://github.com/giorgi02,1777689047.088577032,1777689053.479025364
geeksforgeeks.org,https://www.geeksforgeeks.org/r-language/data-wrangling-in-r-programming-working-with-tibbles/,1777689058.479432344,1777689065.787652016
geeksforgeeks.org,https://www.geeksforgeeks.org/maths/singleton-set/,1777689070.787854195,1777689077.529017925
yahoo.com,https://www.yahoo.com/news/christian-co-woman-charged-child-133833369.html,1777689082.529211760,1777689088.755593300
geeksforgeeks.org,https://www.geeksforgeeks.org/videos/splitting-the-dataset/,1777689093.755765676,1777689101.677672386
geeksforgeeks.org,https://www.geeksforgeeks.org/dsa/check-if-the-length-of-all-connected-components-is-a-fibonacci-number/,1777689106.677859783,1777689114.210991859
geeksforgeeks.org,https://www.geeksforgeeks.org/php/php-spldoublylinkedlist-offsetunset-function/,1777689119.211197615,1777689126.024806976
github.com,https://github.com/Limhax1,1777689131.025004387,1777689137.545938492
yahoo.com,https://www.yahoo.com/entertainment/tv/articles/watch-luke-grimes-joins-u-192525169.html,1777689142.546134949,1777689148.479399443
google.com,https://www.google.com/finance/quote/ALGM:NASDAQ,1777689153.479579449,1777689160.303464651
geeksforgeeks.org,https://www.geeksforgeeks.org/interview-experiences/arcesium-interview-experience-dec-2021-on-campus/,1777689165.303703070,1777689172.327071190
geeksforgeeks.org,https://www.geeksforgeeks.org/php/php-imagick-implodeimage-function/,1777689177.327237129,1777689184.304053307
geeksforgeeks.org,https://www.geeksforgeeks.org/python/how-to-export-pandas-dataframe-to-a-csv-file/,1777689189.304250002,1777689196.518559217
google.com,https://www.google.com/finance/quote/VASWANI:NSE,1777689201.518729925,1777689207.885020971
github.com,https://github.com/Flowseal,1777689212.885223150,1777689219.407452106
geeksforgeeks.org,https://www.geeksforgeeks.org/chemistry/zinc-alloys-properties-occurrence-compounds-uses/,1777689224.407629251,1777689231.358095407
github.com,https://github.com/gabrielprogramercs,1777689236.358312845,1777689244.282683372
yahoo.com,https://www.yahoo.com/news/no-injuries-reported-school-bus-133724435.html,1777689249.282871008,1777689374.384190559
geeksforgeeks.org,https://www.geeksforgeeks.org/machine-learning/voting-regressor/,1777689379.384410858,1777689504.486577749
github.com,https://github.com/orgs/community/discussions/149884,1777689509.486792564,1777689517.557460546
geeksforgeeks.org,https://www.geeksforgeeks.org/python/setting-up-docker-for-python-projects-a-step-by-step-guide/,1777689522.557696104,1777689530.962370872
yahoo.com,https://www.yahoo.com/entertainment/liam-payne-embroiled-bitter-legal-231345205.html,1777689535.962545395,1777689542.048040390
github.com,https://github.com/finlayconnor27,1777689547.048235178,1777689553.569510937
google.com,https://www.google.com/finance/quote/WAAEX:MUTF,1777689558.569850922,1777689565.183739424
geeksforgeeks.org,https://www.geeksforgeeks.org/interview-experiences/buyhatke-interview-experience-fte-campus-placement/,1777689570.183911324,1777689576.883708477
github.com,https://github.com/erwanor,1777689581.884006977,1777689588.430862427
github.com,https://github.com/NikolaiJDev,1777689593.431022406,1777689599.303519011
yahoo.com,https://www.yahoo.com/entertainment/music/articles/first-lovin-life-boomed-then-100100794.html,1777689604.303726912,1777689610.236968517
github.com,https://github.com/orgs/community/discussions/194124,1777689615.237183571,1777689621.633255243
google.com,https://www.google.com/intl/sk_sk/adsense/start/contact-form/,1777689626.633420467,1777689633.530987024
github.com,https://github.com/davaya,1777689638.531193972,1777689644.312495470
geeksforgeeks.org,https://www.geeksforgeeks.org/javascript/less-js-import-at-rules-less/,1777689649.312716722,1777689656.315173388
google.com,https://www.google.com/finance/quote/BJI:FRA,1777689661.315368176,1777689668.616022825
github.com,https://github.com/CrownCress77,1777689673.616219282,1777689679.572063923
google.com,https://www.google.com/finance/quote/VLKAF:OTCMKTS,1777689684.572436333,1777689690.955802679
geeksforgeeks.org,https://www.geeksforgeeks.org/physics/velocity-time-graphs/,1777689695.956098080,1777689702.583765984
google.com,https://www.google.com/finance/quote/SUPP:LON,1777689707.583925724,1777689713.801964521
github.com,https://github.com/trending/swift,1777689718.802215338,1777689725.430555105
github.com,https://github.com/dbuzatto,1777689730.430742741,1777689736.509893417
github.com,https://github.com/orgs/github/packages,1777689741.510089874,1777689747.753208876
github.com,https://github.com/cmoulliard,1777689752.753368139,1777689758.524029493
google.com,https://www.google.com/finance/quote/8214:TYO,1777689763.524210691,1777689769.726705551
yahoo.com,https://www.yahoo.com/news/articles/huntsville-grows-again-city-adds-130051228.html,1777689774.726857901,1777689876.202660799
yahoo.com,https://www.yahoo.com/news/bells-ring-across-county-tribute-142229603.html,1777689881.202836752,1777689888.341909170
google.com,https://www.google.com/finance/quote/FFFCX:MUTF,1777689893.342092514,1777689899.572890520
yahoo.com,https://www.yahoo.com/entertainment/see-whose-style-crowned-mvp-130000203.html,1777689904.573062658,1777689910.628996134
geeksforgeeks.org,https://www.geeksforgeeks.org/videos/build-an-admin-panel-using-reactjs/,1777689915.629259348,1777689924.482041121
google.com,https://www.google.com/finance/quote/TBI:CNSX,1777689929.482231617,1777689935.307777882
google.com,https://www.google.com/finance/quote/EVX:NYSEARCA,1777689940.308007240,1777689946.163364172
geeksforgeeks.org,https://www.geeksforgeeks.org/python/querying-and-selecting-specific-column-in-sqlalchemy/,1777689951.163627625,1777689959.362920523
google.com,https://www.google.com/finance/quote/GLDIX:MUTF,1777689964.363125563,1777689970.508594513
google.com,https://www.google.com/intl/id/photos/gallery-go/,1777689975.509813309,1777689982.535888195
yahoo.com,https://www.yahoo.com/lifestyle/articles/1984-hit-ranked-best-super-200314770.html,1777689987.536075830,1777689993.459276915
geeksforgeeks.org,https://www.geeksforgeeks.org/work-experiences/prodigy-infotech-work-experience-as-web-developer-intern/,1777689998.459510088,1777690005.740886688
geeksforgeeks.org,https://www.geeksforgeeks.org/quizzes/spatial-aptitude-quiz-gate-cs/,1777690010.741069317,1777690017.606384039
geeksforgeeks.org,https://www.geeksforgeeks.org/reactjs/awesome-button-hover-effects-in-react/,1777690022.606576204,1777690029.740261793
github.com,https://github.com/mcp/com.supabase/mcp,1777690034.740459681,1777690043.782856464
github.com,https://github.com/customer-stories,1777690048.783043146,1777690055.243721485
geeksforgeeks.org,https://www.geeksforgeeks.org/system-design/is-100-reliability-possible/,1777690060.243905306,1777690067.300664663
google.com,https://www.google.com/finance/quote/FIA1S:HEL,1777690072.300843239,1777690082.384794950
github.com,https://github.com/trending/oasv3-json,1777690087.384975910,1777690093.500710726
yahoo.com,https://www.yahoo.com/news/opinion-m-oncologist-surgeon-general-215929726.html,1777690098.500897646,1777690104.106968164
geeksforgeeks.org,https://www.geeksforgeeks.org/admission-experience/aktu-admission-experience-2/,1777690109.107162952,1777690116.120842695
geeksforgeeks.org,https://www.geeksforgeeks.org/interview-experiences/hsbc-campus-placement-for-trainee-software-engineer-batch-2020/,1777690121.121066093,1777690128.334983110
yahoo.com,https://www.yahoo.com/entertainment/report-cash-wheeler-facing-criminal-004313651.html,1777690133.335196733,1777690139.733281851
github.com,https://github.com/jordanvalnet,1777690144.733529568,1777690151.251582861
yahoo.com,https://www.yahoo.com/entertainment/tv/articles/brooks-nader-livvy-dunne-excited-080827777.html,1777690156.251789570,1777690281.352545738
yahoo.com,https://www.yahoo.com/entertainment/gisele-b-ndchen-shares-powerful-231553183.html,1777690286.352749348,1777690350.025842428
yahoo.com,https://www.yahoo.com/lifestyle/cherry-blossom-blooms-tacoma-survived-212317900.html,1777690355.026037931,1777690480.126681566
google.com,https://www.google.com/finance/quote/FKQTX:MUTF,1777690485.126862049,1777690610.228528023
yahoo.com,https://www.yahoo.com/entertainment/music/articles/chappell-roan-cardi-b-ejae-011857362.html,1777690615.228714943,1777690661.916500807
yahoo.com,https://www.yahoo.com/news/weather/greece/crete/sitia-airport-12523352,1777690666.916695595,1777690674.361884117
github.com,https://github.com/Shocker,1777690679.362071514,1777690686.117888451
google.com,https://www.google.com/finance/quote/DTS:ASX,1777690691.118082285,1777690697.662070990
yahoo.com,https://www.yahoo.com/news/tsu-agriculture-facilities-open-2020-141353543.html,1777690702.662232637,1777690709.243218899
yahoo.com,https://www.yahoo.com/lifestyle/dachshunds-happiness-over-totos-return-150500709.html,1777690714.243402958,1777690720.237167597
google.com,https://www.google.com/finance/quote/KLA:FRA,1777690725.237401962,1777690731.636609077
google.com,https://www.google.com/finance/quote/3096:TYO,1777690736.636798143,1777690742.609758139
yahoo.com,https://www.yahoo.com/news/l-fires-show-reality-world-130304869.html,1777690747.609942675,1777690754.200461388
google.com,https://www.google.com/finance/quote/6904:TYO,1777690759.200636864,1777690765.618907928
google.com,https://www.google.com/finance/quote/AVO:LON,1777690770.619072199,1777690776.190691471
google.com,https://www.google.com/finance/quote/MYL:ASX,1777690781.190882444,1777690786.732893467
google.com,https://www.google.com/finance/quote/FLOA:LON,1777690791.733066559,1777690797.721725225
yahoo.com,https://www.yahoo.com/entertainment/7-best-watches-week-pharrell-140000095.html,1777690802.721920729,1777690908.123753786
geeksforgeeks.org,https://www.geeksforgeeks.org/java/reading-writing-data-excel-file-using-apache-poi/,1777690913.123970509,1777690923.941553116
yahoo.com,https://www.yahoo.com/entertainment/celebrity/articles/megan-thee-stallion-makes-tiniest-123500798.html,1777690928.941793203,1777691053.958988905
google.com,https://www.google.com/finance/quote/0873:HKG,1777691058.959556580,1777691145.592795610
yahoo.com,https://www.yahoo.com/news/sundays-incident-isnt-first-time-020600981.html,1777691150.592974901,1777691156.405911446
google.com,https://www.google.com/finance/quote/MEKKO:HEL,1777691161.406170845,1777691167.561079979
github.com,https://github.com/simstudioai/sim/stargazers,1777691172.561254978,1777691179.337036133
github.com,https://github.com/orgs/community/discussions/185364,1777691184.337268114,1777691191.264931440
geeksforgeeks.org,https://www.geeksforgeeks.org/cpp/listoperator-c-stl/,1777691196.265081406,1777691204.638470411
github.com,https://github.com/collections,1777691209.638654470,1777691216.163623333
geeksforgeeks.org,https://www.geeksforgeeks.org/physics/solar-cooker-working-construction-application/,1777691221.163827419,1777691228.196883440
google.com,https://www.google.com/finance/quote/DBLSX:MUTF,1777691233.197070837,1777691239.609800816
github.com,https://github.com/guillaumelauzier/PersonalSite,1777691244.609989643,1777691251.295038462
yahoo.com,https://www.yahoo.com/lifestyle/coffee-10x-better-according-meghan-174500827.html,1777691256.295237541,1777691381.396455050
github.com,https://github.com/trending/rust,1777691386.396618843,1777691451.229511499
github.com,https://github.com/imDarshanGK,1777691456.229763985,1777691462.910655022
yahoo.com,https://www.yahoo.com/news/weather/switzerland/canton-of-berne/hunibach-782809,1777691467.910877943,1777691593.012390852
geeksforgeeks.org,https://www.geeksforgeeks.org/node-js/node-js-gm-gaussian-function/,1777691598.012582064,1777691670.915663004
google.com,https://www.google.com/finance/quote/MMC:NYSE,1777691675.915847063,1777691682.213218212
github.com,https://github.com/red-gecko27,1777691687.213402271,1777691693.561091661
yahoo.com,https://www.yahoo.com/news/russia-says-scrambled-fighter-jets-122501092.html,1777691698.561297178,1777691705.089937449
github.com,https://github.com/Terryohana,1777691710.090237141,1777691716.220488310
yahoo.com,https://www.yahoo.com/lifestyle/may-replace-wooden-spoon-sooner-130035759.html,1777691721.220670223,1777691727.256732702
google.com,https://www.google.com/finance/quote/003040:SHE,1777691732.256953001,1777691738.450492382
google.com,https://www.google.com/finance/quote/KIM:NYSE,1777691743.450664043,1777691749.912121773
google.com,https://www.google.com/finance/quote/PQE:CVE,1777691754.912323236,1777691760.569147587
google.com,https://www.google.com/finance/quote/SWYDF:OTCMKTS,1777691765.569311142,1777691771.812929630
google.com,https://www.google.com/finance/quote/PX1GR:INDEXEURO,1777691776.813128948,1777691783.172530651
geeksforgeeks.org,https://www.geeksforgeeks.org/css/semantic-ui-forms/,1777691788.172741175,1777691795.448569775
google.com,https://www.google.com/finance/quote/SXPL:INDEXSTOXX,1777691800.448793411,1777691806.535111904
yahoo.com,https://www.yahoo.com/news/berks-commissioners-learn-6-3-104600147.html,1777691811.535282850,1777691817.418771029
yahoo.com,https://www.yahoo.com/news/zelenskiy-says-kyiv-security-guarantees-222324795.html,1777691822.418967724,1777691828.643104792
geeksforgeeks.org,https://www.geeksforgeeks.org/git/aliases-in-git/,1777691833.643244267,1777691840.986571074
yahoo.com,https://www.yahoo.com/news/oklahoma-capitol-protest-over-anti-223257315.html,1777691845.986776352,1777691852.175593138
geeksforgeeks.org,https://www.geeksforgeeks.org/linux-unix/how-to-install-popcorn-time-on-ubuntu-mint-kali-linux/,1777691857.175843000,1777691865.521511793
geeksforgeeks.org,https://www.geeksforgeeks.org/machine-learning/difference-between-machine-learning-and-predictive-modelling/,1777691870.521708727,1777691877.465832472
google.com,https://www.google.com/finance/quote/TA:NASDAQ,1777691882.466018915,1777691888.756178856
yahoo.com,https://www.yahoo.com/news/champaign-activates-sidewalk-snow-removal-200627261.html,1777691893.756473541,1777691899.866654396
github.com,https://github.com/why-github,1777691904.866823196,1777691912.620360374
github.com,https://github.com/orgs/community/discussions/181437,1777691917.620547295,1777691925.608077526
geeksforgeeks.org,https://www.geeksforgeeks.org/computer-networks/difference-between-wasabi-and-pcloud/,1777691930.608329058,1777691937.558994770
google.com,https://www.google.com/intl/pt-PT/nonprofits/resources/coronavirus/,1777691942.559221029,1777691948.833105803
google.com,https://www.google.com/finance/quote/0608:HKG,1777691953.833434820,1777691959.845536470
geeksforgeeks.org,https://www.geeksforgeeks.org/linux-unix/traxss-automated-xss-vulnerability-scanner/,1777691964.845705986,1777691972.248904705
google.com,https://www.google.com/finance/quote/ASPZ:OTCMKTS,1777691977.249109507,1777691983.205958128
google.com,https://www.google.com/finance/quote/PHO:NASDAQ,1777691988.206163406,1777691994.251447201
google.com,https://www.google.com/finance/quote/VOXX:NASDAQ,1777691999.251611471,1777692005.283436775
yahoo.com,https://www.yahoo.com/entertainment/celebrity/articles/love-blind-jordan-breaks-down-192727136.html,1777692010.283635378,1777692024.411312103
github.com,https://github.com/orgs/community/discussions/192520,1777692029.411481380,1777692035.530322313
github.com,https://github.com/trending/beef,1777692040.530553102,1777692046.442833424
geeksforgeeks.org,https://www.geeksforgeeks.org/css/spectre-form-disabled-styles/,1777692051.443032503,1777692058.783609867
github.com,https://github.com/vibhu-dixit-dev,1777692063.783809900,1777692070.309378386
github.com,https://github.com/dentunc/crud-api-go,1777692075.309585094,1777692081.021164656
yahoo.com,https://www.yahoo.com/tech/oracle-updates-database-technology-ai-145140929.html,1777692086.021288157,1777692211.087511301
google.com,https://www.google.com/finance/quote/DUK-A:NYSE,1777692216.087700367,1777692330.413300991
google.com,https://www.google.com/finance/quote/300147:SHE,1777692335.413514137,1777692341.432941914
geeksforgeeks.org,https://www.geeksforgeeks.org/html/html-dom-input-time-min-property/,1777692346.433114529,1777692355.536837101
yahoo.com,https://www.yahoo.com/entertainment/leap-media-adds-travel-detective-114608130.html,1777692360.537097454,1777692366.731348991
github.com,https://github.com/marwin1991,1777692371.731518984,1777692383.119946480
geeksforgeeks.org,https://www.geeksforgeeks.org/machine-learning/building-a-generative-adversarial-network-using-keras/,1777692388.120159626,1777692395.106566191
google.com,https://www.google.com/intl/sk/get/videoqualityreport/m/methodology.html,1777692400.106750965,1777692405.672266960
google.com,https://www.google.com/intl/zh-CN_cn/admob/app-insights.html,1777692410.672472715,1777692418.738762856
geeksforgeeks.org,https://www.geeksforgeeks.org/maths/integral-of-cos-x/,1777692423.738979578,1777692430.475657940
github.com,https://github.com/settings/education/benefits,1777692435.475839853,1777692441.892998219
yahoo.com,https://www.yahoo.com/news/letter-carriers-protest-potential-privatization-040821090.html,1777692446.893195152,1777692571.986555099
geeksforgeeks.org,https://www.geeksforgeeks.org/dsa/program-to-check-if-n-is-an-icosikaioctagonal-number/,1777692576.986815214,1777692646.754561424
yahoo.com,https://www.yahoo.com/news/elon-musks-x-sues-overturn-194354050.html,1777692651.754757643,1777692776.855563879
geeksforgeeks.org,https://www.geeksforgeeks.org/node-js/how-to-fix-referenceerror-dirname-is-not-defined-in-es-module-scope-in-javascript/,1777692781.855722904,1777692795.279552460
geeksforgeeks.org,https://www.geeksforgeeks.org/java/localdatetime-plushours-method-in-java-with-examples/,1777692800.279721737,1777692808.009961367
geeksforgeeks.org,https://www.geeksforgeeks.org/ethical-hacking/packet-list-pane-functions-in-wireshark/,1777692813.010129213,1777692821.476989746
yahoo.com,https://www.yahoo.com/entertainment/emmy-awards-winners-2024-complete-020458228.html,1777692826.477186441,1777692931.497550011
github.com,https://github.com/sauravhathi,1777692936.497714758,1777692944.768458605
yahoo.com,https://www.yahoo.com/news/weather/india/gujarat/vallabh-vidhyanagar-2288051,1777692949.768658638,1777692972.895177126
geeksforgeeks.org,https://www.geeksforgeeks.org/dsa/dynamic-programming-meaning-in-dsa/,1777692977.895367622,1777692986.756398916
github.com,https://github.com/shimauma0312,1777692991.756581545,1777693002.911427259
yahoo.com,https://www.yahoo.com/lifestyle/articles/protecting-compass-one-thing-could-114500962.html,1777693007.911591768,1777693022.327226639
github.com,https://github.com/MartiSuvik,1777693027.327365637,1777693034.869502544
yahoo.com,https://www.yahoo.com/tech/chatgpt-store-lets-create-anything-200955715.html,1777693039.869679689,1777693164.938793659
github.com,https://github.com/Mikolasch,1777693169.938964367,1777693244.737211466
github.com,https://github.com/InfoYaseer,1777693249.737389326,1777693258.466716528
geeksforgeeks.org,https://www.geeksforgeeks.org/c-sharp/c-sharp-program-for-listing-the-files-in-a-directory/,1777693263.466888189,1777693275.626178980
geeksforgeeks.org,https://www.geeksforgeeks.org/videos/html-collection-for-loop/,1777693280.626442671,1777693291.277765274
yahoo.com,https://www.yahoo.com/news/man-seemingly-boarded-delta-flight-110518720.html,1777693296.277973413,1777693308.041347027
yahoo.com,https://www.yahoo.com/news/articles/woman-76-found-dead-oak-175243972.html,1777693313.041508913,1777693322.095547915
github.com,https://github.com/zizo03thor,1777693327.095721722,1777693333.863398314
github.com,https://github.com/Youcef3939/TerraMind/stargazers,1777693338.863561869,1777693345.801059246
google.com,https://www.google.com/finance/quote/APM:NASDAQ,1777693350.801255941,1777693363.322369337
google.com,https://www.google.com/finance/quote/ALCRB:EPA,1777693368.322645903,1777693375.068748474
google.com,https://www.google.com/finance/quote/CYM:ASX,1777693380.068935633,1777693386.400324821
google.com,https://www.google.com/finance/quote/RCI:BKK,1777693391.400526285,1777693397.385972261
google.com,https://www.google.com/finance/quote/RBF1012:MUTF_CA,1777693402.386159658,1777693408.195151329
google.com,https://www.google.com/finance/quote/519003:BOM,1777693413.195329189,1777693419.330470085
geeksforgeeks.org,https://www.geeksforgeeks.org/javascript/how-to-make-ajax-call-from-javascript/,1777693424.330653429,1777693437.572686434
google.com,https://www.google.com/finance/quote/LXE:CVE,1777693442.572860479,1777693448.758465528
yahoo.com,https://www.yahoo.com/news/musk-doge-takeover-peace-institute-213714970.html,1777693453.758668900,1777693578.859861851
geeksforgeeks.org,https://www.geeksforgeeks.org/css/css-border-bottom-right-radius-property/,1777693583.860032082,1777693708.961515427
google.com,https://www.google.com/finance/quote/RFX:LON,1777693713.961692810,1777693762.079327583
geeksforgeeks.org,https://www.geeksforgeeks.org/javascript/explain-the-generator-function-in-es6/,1777693767.079521418,1777693778.528384686
yahoo.com,https://www.yahoo.com/news/articles/raleigh-convention-center-reopens-dec-162350990.html,1777693783.528543949,1777693792.026103497
google.com,https://www.google.com/finance/quote/JGSMX:MUTF,1777693797.026265144,1777693803.599020958
google.com,https://www.google.com/finance/quote/NWF:NZE,1777693808.599251032,1777693815.185340881
google.com,https://www.google.com/intl/ar_ae/adsense/start/solutions/,1777693820.185553551,1777693834.896476746
google.com,https://www.google.com/finance/quote/VUN:TSE,1777693839.896667242,1777693846.324910402
yahoo.com,https://www.yahoo.com/entertainment/rip-irv-gotti-visionary-brought-091844724.html,1777693851.325091600,1777693860.359248400
github.com,https://github.com/NirajDN/FARMACY,1777693865.359429836,1777693872.706408501
github.com,https://github.com/orgs/community/discussions/194440,1777693877.707001925,1777693885.247912884
google.com,https://www.google.com/finance/quote/MSDIX:MUTF,1777693890.248131752,1777693897.045955181
google.com,https://www.google.com/finance/quote/WDOFF:OTCMKTS,1777693902.046185970,1777693908.211638689
google.com,https://www.google.com/finance/quote/CBDS:OTCMKTS,1777693913.211829424,1777693919.181457758
geeksforgeeks.org,https://www.geeksforgeeks.org/maths/class-8-rd-sharma-solutions-chapter-1-rational-numbers-exercise-1-8/,1777693924.181664467,1777693932.376071453
google.com,https://www.google.com/finance/quote/1460:TPE,1777693937.376385450,1777693943.813027382
github.com,https://github.com/BonyLord,1777693948.813208580,1777693955.396279573
geeksforgeeks.org,https://www.geeksforgeeks.org/techtips/resolve-kmode-exception-error-in-windows/,1777693960.396478176,1777693967.901834726
github.com,https://github.com/jovbcorreia,1777693972.902010441,1777693982.744549513
github.com,https://github.com/eMPee584,1777693987.744867563,1777693995.077239752
github.com,https://github.com/github/site-policy/pull/582/review_comment/2921801676,1777694000.077440023,1777694009.127190590
google.com,https://www.google.com/finance/quote/OOO:ASX,1777694014.127391338,1777694020.432584286
github.com,https://github.com/sescanella/PIPA,1777694025.432780981,1777694033.049905300
yahoo.com,https://www.yahoo.com/news/haiti-elections-place-security-improves-024017966.html,1777694038.050081491,1777694163.131585360
google.com,https://www.google.com/finance/quote/BBN1:FRA,1777694168.131754160,1777694196.140035391
yahoo.com,https://www.yahoo.com/entertainment/big-brother-26-spoilers-week-114527708.html,1777694201.140233517,1777694210.589541435
geeksforgeeks.org,https://www.geeksforgeeks.org/python/python-embedded-numbers-summation-in-string-list/,1777694215.589736700,1777694227.497661352
google.com,https://www.google.com/finance/quote/3254:TYO,1777694232.497840643,1777694239.012099743
google.com,https://www.google.com/finance/quote/4927:TPE,1777694244.012398243,1777694251.174687862
github.com,https://github.com/login,1777694256.174887180,1777694262.363358736
google.com,https://www.google.com/finance/quote/FOA:NYSE,1777694267.363547564,1777694276.034700632
geeksforgeeks.org,https://www.geeksforgeeks.org/dsa/numbers-that-are-bitwise-and-of-at-least-one-non-empty-sub-array/,1777694281.034895897,1777694291.555397749
github.com,https://github.com/mcp/com.microsoft/azure,1777694296.555584192,1777694421.656531096
github.com,https://github.com/HelenMel,1777694426.656690836,1777694551.758526564
github.com,https://github.com/settings/billing/licensing,1777694556.758732080,1777694563.092652082
github.com,https://github.com/SarthkDeshmukh,1777694568.092854261,1777694584.043359756
geeksforgeeks.org,https://www.geeksforgeeks.org/cpp/dereference-pointer-in-c/,1777694589.043634653,1777694606.319586754
yahoo.com,https://www.yahoo.com/news/neither-courage-nor-convictions-trumps-152004111.html,1777694611.319746733,1777694622.770509243
geeksforgeeks.org,https://www.geeksforgeeks.org/videos/how-to-replace-text-with-css-1/,1777694627.770701408,1777694640.813795328
yahoo.com,https://www.yahoo.com/news/articles/waukesha-co-judge-grants-partial-212506525.html,1777694645.814007521,1777694770.914544106
yahoo.com,https://www.yahoo.com/entertainment/onlyfans-153630155.html,1777694775.914735556,1777694878.025044441
yahoo.com,https://www.yahoo.com/lifestyle/paint-formica-countertops-cabinets-185927915.html,1777694883.025232077,1777694892.431564808
geeksforgeeks.org,https://www.geeksforgeeks.org/html/html-dom-area-href-property/,1777694897.431735039,1777694908.446737289
geeksforgeeks.org,https://www.geeksforgeeks.org/java/doublebuffer-hasarray-method-in-java-with-examples/,1777694913.446925640,1777694921.887933493
github.com,https://github.com/trending/flux,1777694926.888128281,1777694934.643945932
google.com,https://www.google.com/finance/quote/LIN:NYSE,1777694939.644195795,1777694946.269623518
github.com,https://github.com/rubiojr,1777694951.269821644,1777694960.031659365
github.com,https://github.com/xvvvyz,1777694965.031924963,1777694971.670309782
geeksforgeeks.org,https://www.geeksforgeeks.org/dsa/cat-and-hat/,1777694976.670535088,1777694985.545977116
google.com,https://www.google.com/finance/quote/CYB:NYSEARCA,1777694990.546212435,1777694996.754791498
yahoo.com,https://www.yahoo.com/news/man-allegedly-stole-rv-owner-181417304.html,1777695001.755041599,1777695010.122070312
github.com,https://github.com/github/site-policy/pull/582/review_comment/940888560/minimize,1777695015.122227669,1777695033.246310472
yahoo.com,https://www.yahoo.com/entertainment/articles/blake-lively-just-stole-page-155103148.html,1777695038.246497393,1777695046.067176104
github.com,https://github.com/github/site-policy/pull/582/reviews/3829598048/minimize,1777695051.067350626,1777695061.000998974
geeksforgeeks.org,https://www.geeksforgeeks.org/php/php-reflection-getmodifiernames-function/,1777695066.001187801,1777695074.962834358
geeksforgeeks.org,https://www.geeksforgeeks.org/macroeconomics/chapter-2-forest-and-wildlife-resources-solutions-for-class-10-geography/,1777695079.963031769,1777695087.380575895
github.com,https://github.com/omaarjb,1777695092.380769968,1777695103.361935377
google.com,https://www.google.com/finance/quote/UVALX:MUTF,1777695108.362114191,1777695114.770433426
yahoo.com,https://www.yahoo.com/news/articles/former-kansas-city-motorcycle-gang-203523276.html,1777695119.770639181,1777695129.730669975
github.com,https://github.com/trending/elixir,1777695134.730833292,1777695143.595233679
geeksforgeeks.org,https://www.geeksforgeeks.org/javascript/d3-js-interpolatepurples-function/,1777695148.595439434,1777695156.975212574
github.com,https://github.com/desktop/dugite/pulls,1777695161.975370646,1777695169.213559151
yahoo.com,https://www.yahoo.com/news/fresno-state-community-holds-protest-003848075.html,1777695174.214077711,1777695181.565091848
yahoo.com,https://www.yahoo.com/entertainment/music/articles/chance-meeting-between-pino-palladino-142854236.html,1777695186.565224171,1777695195.512617826
geeksforgeeks.org,https://www.geeksforgeeks.org/data-science/publicly-available-datasets-for-ai-ml-ds/,1777695200.512784243,1777695208.468327522
yahoo.com,https://www.yahoo.com/entertainment/articles/george-r-r-martin-claps-204852524.html,1777695213.468560457,1777695222.441077471
google.com,https://www.google.com/finance/quote/HBRD:ASX,1777695227.441246986,1777695234.156626940
yahoo.com,https://www.yahoo.com/news/gainesville-celebrate-mlk-day-045900120.html,1777695239.156791210,1777695248.433726311
google.com,https://www.google.com/finance/quote/SETFNN50:NSE,1777695253.433956385,1777695259.634199619
yahoo.com,https://www.yahoo.com/entertainment/tom-brady-being-called-worlds-205744627.html,1777695264.634408474,1777695274.479269266
google.com,https://www.google.com/finance/quote/1587:TPE,1777695279.479451418,1777695285.866075754
github.com,https://github.com/github/roadmap/branches,1777695290.866295815,1777695298.276393890
yahoo.com,https://www.yahoo.com/lifestyle/articles/perfectly-balanced-canned-dogfish-head-210000800.html,1777695303.276560068,1777695312.700016022
github.com,https://github.com/orgs/community/discussions/192998,1777695317.700250149,1777695325.398953199
geeksforgeeks.org,https://www.geeksforgeeks.org/python/python-mysql-select-query/,1777695330.399159908,1777695339.721445322
geeksforgeeks.org,https://www.geeksforgeeks.org/dsa/count-nodes-in-the-given-tree-whose-weight-is-a-fibonacci-number/,1777695344.721618414,1777695353.696576118
github.com,https://github.com/Bhanu99517,1777695358.696713209,1777695391.889749289
yahoo.com,https://www.yahoo.com/news/company-edited-mice-genes-them-130000411.html,1777695396.889944553,1777695404.404628515
geeksforgeeks.org,https://www.geeksforgeeks.org/pandas/apply-function-to-every-row-in-a-pandas-dataframe/,1777695409.404809475,1777695416.942376614
google.com,https://www.google.com/intl/ar_ae/admob/analyze.html,1777695421.942556620,1777695429.160535812
google.com,https://www.google.com/finance/quote/PAAS:NASDAQ,1777695434.160762310,1777695440.228974581
github.com,https://github.com/JoeyGellerbit,1777695445.229163885,1777695453.005793333
yahoo.com,https://www.yahoo.com/news/witt-05-26-194908249.html,1777695458.006005049,1777695465.629850864
geeksforgeeks.org,https://www.geeksforgeeks.org/javascript/how-to-create-animated-typing-effect-using-typed-js/,1777695470.630024433,1777695478.726414680
github.com,https://github.com/readme/career-development,1777695483.726655006,1777695492.643920183
google.com,https://www.google.com/finance/quote/AMPY:NYSE,1777695497.644167185,1777695505.633333921
google.com,https://www.google.com/finance/quote/DRRAX:MUTF,1777695510.633529902,1777695516.823542356
geeksforgeeks.org,https://www.geeksforgeeks.org/css/how-to-change-the-order-of-flex-items-in-tailwind-css/,1777695521.823708773,1777695529.982074261
yahoo.com,https://www.yahoo.com/news/michigan-man-fell-icy-lake-153400433.html,1777695534.982243776,1777695543.632373810
yahoo.com,https://www.yahoo.com/news/utah-3rd-district-candidates-debate-030000921.html,1777695548.632574320,1777695557.825026035
geeksforgeeks.org,https://www.geeksforgeeks.org/quizzes/java-threadsleep-method/,1777695562.825225353,1777695570.411696672
google.com,https://www.google.com/finance/quote/3154:TYO,1777695575.411906958,1777695581.816055298
google.com,https://www.google.com/finance/quote/4295:TYO,1777695586.816270351,1777695593.047341585
github.com,https://github.com/trending/kit,1777695598.047540903,1777695604.833601236
yahoo.com,https://www.yahoo.com/tech/tile-slim-2024-180000891.html,1777695609.833785295,1777695626.511634350
google.com,https://www.google.com/finance/quote/QTWO:NYSE,1777695631.511815310,1777695638.611369610
google.com,https://www.google.com/finance/quote/KCLEAN:INDEXSP,1777695643.611548185,1777695650.566420078
geeksforgeeks.org,https://www.geeksforgeeks.org/operating-systems/design-a-concurrent-server-for-handling-multiple-clients-using-fork/,1777695655.566613197,1777695664.232464314
yahoo.com,https://www.yahoo.com/entertainment/interpol-announce-free-concert-z-212533781.html,1777695669.232661009,1777695677.516510725
geeksforgeeks.org,https://www.geeksforgeeks.org/maths/marginal-distribution/,1777695682.516690254,1777695695.344373703
geeksforgeeks.org,https://www.geeksforgeeks.org/python/create-a-two-line-legend-in-a-bokeh-plot/,1777695700.344590425,1777695709.027817726
yahoo.com,https://www.yahoo.com/news/franklin-county-fair-starts-thursday-120017494.html,1777695714.028000355,1777695839.122067690
github.com,https://github.com/feanil,1777695844.122224808,1777695881.852556467
github.com,https://github.com/features/code-review,1777695886.852743626,1777695894.768202543
github.com,https://github.com/orgs/community/discussions/categories/copilot-news-and-announcements,1777695899.768401146,1777695909.314578295
yahoo.com,https://www.yahoo.com/news/york-dublin-video-back-shutdown-154138770.html,1777695914.314767122,1777695929.026853085
yahoo.com,https://www.yahoo.com/lifestyle/midday-interview-1st-lady-columbus-171932252.html,1777695934.027100086,1777695946.174128056
github.com,https://github.com/github/github-mcp-server,1777695951.174310207,1777695962.159804821
github.com,https://github.com/mduenias,1777695967.159978151,1777695974.903487444
github.com,https://github.com/aymanbismail,1777695979.903709650,1777695989.336522341
geeksforgeeks.org,https://www.geeksforgeeks.org/android/glow-textview-in-android/,1777695994.336793184,1777696010.076764345
geeksforgeeks.org,https://www.geeksforgeeks.org/dsa/find-a-n-digit-number-such-that-it-is-not-divisible-by-any-of-its-digits-2/,1777696015.076933861,1777696026.199929237
github.com,https://github.com/orgs/community/discussions/193075,1777696031.200111866,1777696037.876156330
geeksforgeeks.org,https://www.geeksforgeeks.org/cloud-computing/virtualization-cloud-computing-types/,1777696042.876321793,1777696055.067702055
yahoo.com,https://www.yahoo.com/news/articles/trump-says-not-looking-destroy-173450667.html,1777696060.067870140,1777696072.854892731
yahoo.com,https://www.yahoo.com/entertainment/trump-felt-wounded-loss-kim-181426820.html,1777696077.855187893,1777696087.388111591
yahoo.com,https://www.yahoo.com/entertainment/articles/vince-vaughn-visits-donald-trump-234642778.html,1777696092.388310194,1777696217.488549709
yahoo.com,https://www.yahoo.com/news/king-charles-shares-rare-cancer-150752328.html,1777696222.488727570,1777696337.510331154
geeksforgeeks.org,https://www.geeksforgeeks.org/php/cakephp-vs-lumen/,1777696342.510543108,1777696353.925950050
github.com,https://github.com/community/.github,1777696358.926149845,1777696367.255177259
github.com,https://github.com/Leocm123,1777696372.255459070,1777696379.101989985
google.com,https://www.google.com/finance/quote/HECO:CNSX,1777696384.102178097,1777696391.394260645
github.com,https://github.com/services/modernizing-legacy-apps-with-github-copilot,1777696396.394442320,1777696403.706565619
yahoo.com,https://www.yahoo.com/news/coinbase-rocked-400m-insider-hack-181314226.html,1777696408.706775188,1777696533.757878304
geeksforgeeks.org,https://www.geeksforgeeks.org/cpp/cpp-keywords/,1777696538.758111477,1777696641.987014294
google.com,https://www.google.com/finance/quote/JTYBX:MUTF,1777696646.987195969,1777696655.206806898
github.com,https://github.com/R055A,1777696660.206997871,1777696674.443713188
github.com,https://github.com/orgs/community/discussions/categories/accessibility,1777696679.443881035,1777696688.345055342
google.com,https://www.google.com/finance/quote/HOVS:NSE,1777696693.345231771,1777696699.335351467
github.com,https://github.com/dipree,1777696704.335674047,1777696710.981699228
github.com,https://github.com/trending/classic-asp,1777696715.981915474,1777696722.970796347
yahoo.com,https://www.yahoo.com/news/latin-american-entertainment-headlines-9-050000738.html,1777696727.971048355,1777696735.669240236
github.com,https://github.com/orgs/community/discussions/categories/code-security,1777696740.669399500,1777696751.693587542
geeksforgeeks.org,https://www.geeksforgeeks.org/aptitude-gq/puzzle-chemical-mystery/,1777696756.693770170,1777696765.407377243
geeksforgeeks.org,https://www.geeksforgeeks.org/python/getting-screens-height-and-width-using-tkinter-python/,1777696770.407552958,1777696780.436725855
github.com,https://github.com/orgs/community/discussions/194217,1777696785.436925411,1777696792.745515823
github.com,https://github.com/marketplace,1777696797.745709896,1777696824.791721106
google.com,https://www.google.com/finance/quote/CENTRALBK:NSE,1777696829.791924715,1777696837.284954309
yahoo.com,https://www.yahoo.com/news/pd-man-assaults-woman-believed-182410984.html,1777696842.285153389,1777696849.340806246
geeksforgeeks.org,https://www.geeksforgeeks.org/interview-experiences/tss-consultancy-interview-experience/,1777696854.341018200,1777696862.380167961
yahoo.com,https://www.yahoo.com/entertainment/celebrity/articles/heath-ledger-daughter-matilda-spitting-053128111.html,1777696867.380319118,1777696875.930260420
yahoo.com,https://www.yahoo.com/lifestyle/articles/10-tips-building-perfect-snack-182000769.html,1777696880.930448055,1777696891.342184782
yahoo.com,https://www.yahoo.com/entertainment/articles/lebron-james-wife-savannah-james-060228467.html,1777696896.342393875,1777696904.936178923
yahoo.com,https://www.yahoo.com/news/articles/moon-phase-today-moon-look-231225633.html,1777696909.936366796,1777696917.697771311
geeksforgeeks.org,https://www.geeksforgeeks.org/javascript/javascript-program-to-find-length-of-linked-list-using-javascript/,1777696922.697967291,1777696931.123932600
google.com,https://www.google.com/finance/quote/ACRS:NASDAQ,1777696936.124154806,1777696943.802956104
google.com,https://www.google.com/intl/it_it/chromebook/shop-chromebooks/,1777696948.803178787,1777696955.144502640
geeksforgeeks.org,https://www.geeksforgeeks.org/node-js/how-to-access-cache-data-in-node-js/,1777696960.144721746,1777696972.421623707
github.com,https://github.com/mcp/netdata/mcp-server,1777696977.421802759,1777696990.988591433
geeksforgeeks.org,https://www.geeksforgeeks.org/interview-experiences/barclays-ba3-internship-interview-experience-on-campus-2022/,1777696995.988778591,1777697004.263756275
google.com,https://www.google.com/intl/ro_ro/adsense/start/resources/monetization-tips-to-optimize-google-adsense/,1777697009.263954401,1777697015.620348930
google.com,https://www.google.com/intl/mn/forms/about/,1777697020.620525360,1777697029.082940817
geeksforgeeks.org,https://www.geeksforgeeks.org/social-science/charter-act-of-1813-features-importance-drawbacks/,1777697034.083250999,1777697041.445128202
geeksforgeeks.org,https://www.geeksforgeeks.org/physics/parallel-axis-theorem/,1777697046.445319414,1777697053.696407795
google.com,https://www.google.com/intl/en_us/chromebook/exp/13102899/windows-user/discover-chromebook/,1777697058.696609974,1777697064.430073261
yahoo.com,https://www.yahoo.com/news/articles/zelenskyy-removes-former-top-aide-195000920.html,1777697069.430269480,1777697077.228958368
google.com,https://www.google.com/intl/es-419/nonprofits/success-stories/van-gogh-museum/,1777697082.229151487,1777697089.673834562
yahoo.com,https://www.yahoo.com/news/henderson-takes-junior-ambassadors-kentucky-170036297.html,1777697094.674156904,1777697219.774560452
github.com,https://github.com/ppalaga,1777697224.774735212,1777697326.554613590
yahoo.com,https://www.yahoo.com/news/weather/switzerland/canton-of-lucerne/eigenthal-782310,1777697331.554744005,1777697443.178545237
github.com,https://github.com/chanlay12,1777697448.178668499,1777697455.339790106
google.com,https://www.google.com/intl/ru/nonprofits/resources/faq/,1777697460.340128183,1777697466.535069704
yahoo.com,https://www.yahoo.com/news/weather/austria/upper-austria/grossraming-545227,1777697471.535259962,1777697487.986595631
google.com,https://www.google.com/intl/ja_jp/chromebook/chromeos-user/chromebookplus/,1777697492.986760378,1777697498.886045933
github.com,https://github.com/Ilorix,1777697503.886224747,1777697513.739868641
google.com,https://www.google.com/intl/en_au/chrome/canary/,1777697518.740066767,1777697524.989212990
geeksforgeeks.org,https://www.geeksforgeeks.org/python/how-to-fix-modulenotfounderror-no-module-named-pil-in-python/,1777697529.989398241,1777697540.203657150
yahoo.com,https://www.yahoo.com/news/us-president-biden-receive-chancellor-155653567.html,1777697545.203825951,1777697670.304893017
github.com,https://github.com/evan-richards,1777697675.305099487,1777697800.352759600
google.com,https://www.google.com/intl/ml_in/chrome/terms/,1777697805.352953196,1777697852.370087147
yahoo.com,https://news.yahoo.com/ukrainian-drones-easy-prey-kadyrovite-153800172.html,1777697857.370271921,1777697864.569006920
yahoo.com,https://www.yahoo.com/lifestyle/articles/unique-costco-location-shoppers-love-160500245.html,1777697869.569186926,1777697994.670587301
yahoo.com,https://news.yahoo.com/trump-goes-another-unhinged-tirade-191619271.html,1777748234.997342348,1777748360.099318027
geeksforgeeks.org,https://www.geeksforgeeks.org/quizzes/html-computer-code-elements/,1777748365.099480391,1777748418.479772091
yahoo.com,https://www.yahoo.com/tech/timelapse-movie-mode-interval-timer-120320994.html,1777748423.479950905,1777748548.580513000
google.com,https://www.google.com/intl/en-GB/partners/about/,1777748553.580696344,1777748577.025651932
github.com,https://github.com/trending/ninja,1777748582.025828362,1777748597.032539129
yahoo.com,https://www.yahoo.com/news/pinkys-rooftop-royal-oak-close-130944451.html,1777748602.032715559,1777748628.319964409
google.com,https://www.google.com/intl/ar_bh/adsense/start/resources/monetization-tips-to-optimize-google-adsense/,1777748633.320178032,1777748648.227709532
yahoo.com,https://www.yahoo.com/news/weather/canada/ontario/casselman-3372,1777748653.228036165,1777748719.387134552
github.com,https://github.com/orgs/community/discussions/193657,1777748724.387515306,1777748730.652077198
geeksforgeeks.org,https://www.geeksforgeeks.org/system-design/how-to-use-a-cdn-to-improve-web-performance/,1777748735.652279377,1777748745.087251425
yahoo.com,https://www.yahoo.com/news/articles/trump-insists-popular-2020-could-175906070.html,1777748750.087419033,1777748875.188531160
google.com,https://www.google.com/intl/pl/chrome/iphone/,1777748880.188695669,1777749005.290388584
google.com,https://www.google.com/intl/es-419/adsense/start/resources/creating-content-in-3-steps/,1777749010.290532112,1777749059.221530914
google.com,https://www.google.com/intl/lo/drive/download/,1777749064.221706152,1777749084.600069284
yahoo.com,https://www.yahoo.com/lifestyle/burning-browned-butter-easy-mistake-161551557.html,1777749089.600250959,1777749116.451630354
geeksforgeeks.org,https://www.geeksforgeeks.org/cpp/binary-tree-in-cpp/,1777749121.451802731,1777749140.495286226
google.com,https://www.google.com/intl/ar_sa/adsense/start/resources/best-format-your-site-for-adsense/,1777749145.495460510,1777749154.726547718
github.com,https://github.com/github/roadmap/pulse,1777749159.726932764,1777749172.246589661
geeksforgeeks.org,https://www.geeksforgeeks.org/interview-experiences/microsoft-interview-experience-3-years-experienced/,1777749177.246769905,1777749189.850838900
geeksforgeeks.org,https://www.geeksforgeeks.org/c-sharp/c-sharp-searching-the-index-of-specified-object-in-collectiont/,1777749194.851018667,1777749209.389840364
geeksforgeeks.org,https://www.geeksforgeeks.org/python/wand-create-empty-image-with-background/,1777749214.389990568,1777749225.911600351
yahoo.com,https://www.yahoo.com/news/city-charlotte-reaches-700k-settlement-233319933.html,1777749230.911763191,1777749355.920180082
geeksforgeeks.org,https://www.geeksforgeeks.org/physics/how-to-calculate-the-frequency-of-oscillation/,1777749360.920400620,1777749370.430582285
github.com,https://github.com/GibeomOh,1777749375.430751801,1777749387.532903910
geeksforgeeks.org,https://www.geeksforgeeks.org/css/semantic-ui-input-size-variation/,1777749392.533095360,1777749401.455897808
google.com,https://www.google.com/intl/hi/nonprofits/,1777749406.456160069,1777749418.231504440
github.com,https://github.com/trending/smali,1777749423.231661320,1777749430.583207130
github.com,https://github.com/github/cost-center-automation,1777749435.583405972,1777749443.787660599
google.com,https://www.google.com/intl/zh-CN_cn/admob/success.html,1777749448.787831783,1777749459.937412500
yahoo.com,https://www.yahoo.com/news/pa-211-day-united-way-160750896.html,1777749464.937575340,1777749590.038760662
yahoo.com,https://www.yahoo.com/entertainment/celebrity/articles/martha-stewart-relaunches-her-very-151857094.html,1777749595.038974524,1777749702.757617712
google.com,https://www.google.com/intl/es_es/admob/resources.html,1777749707.757796288,1777749715.054260731
github.com,https://github.com/knqyf263,1777749720.054437637,1777749732.270983219
yahoo.com,https://www.yahoo.com/news/accused-drunk-driver-evading-police-192606590.html,1777749737.271215916,1777749761.466777086
geeksforgeeks.org,https://www.geeksforgeeks.org/reactjs/how-to-use-innerhtml-in-react-js/,1777749766.466952085,1777749781.463905811
google.com,https://www.google.com/intl/it_it/chromebook/,1777749786.464097500,1777749797.573917627
github.com,https://github.com/shivrajcodez,1777749802.574115992,1777749821.280703306
yahoo.com,https://www.yahoo.com/news/articles/donald-trump-makes-huge-promise-094728787.html,1777749826.280881166,1777749841.823377609
yahoo.com,https://www.yahoo.com/news/west-virginia-bridge-build-design-232552186.html,1777749846.823549032,1777749953.894750118
google.com,https://www.google.com/get/spectrumdatabase/sandbox/business/,1777749958.895249367,1777749973.220879793
geeksforgeeks.org,https://www.geeksforgeeks.org/physics/applications-of-physics-in-environmental-science/,1777749978.221077204,1777749988.988422394
github.com,https://github.com/trending/q%2,1777749993.988585234,1777750000.105327368
geeksforgeeks.org,https://www.geeksforgeeks.org/interview-experiences/google-interview-experience-for-software-developer/,1777750005.105504036,1777750013.312680483
github.com,https://github.com/desktop/desktop/blob/development/.prettierrc.yml,1777750018.312842846,1777750025.835186243
geeksforgeeks.org,https://www.geeksforgeeks.org/computer-networks/host-data-safeguarding/,1777750030.835398197,1777750043.367592812
google.com,https://www.google.com/intl/cs_cz/adsense/start/resources/3-types-of-sites/,1777750048.367772341,1777750064.171705246
google.com,https://www.google.com/intl/sr_rs/adsense/start/contact-form/,1777750069.171874285,1777750077.251895666
geeksforgeeks.org,https://www.geeksforgeeks.org/html/difference-between-the-directory-menu-lists-and-the-unordered-list/,1777750082.252080441,1777750094.795852900
yahoo.com,https://www.yahoo.com/entertainment/tv/articles/american-idol-contestant-stutter-jesse-134015927.html,1777750099.796036243,1777750224.897515774
geeksforgeeks.org,https://www.geeksforgeeks.org/interview-experiences/infineon-technologies-interview-experience-on-campus-2023/,1777750229.897692442,1777750322.521924496
github.com,https://github.com/trending/fortran-free-form,1777750327.522124529,1777750334.610580444
github.com,https://github.com/github/CopilotForXcode,1777750339.610760927,1777750389.950855732
github.com,https://github.com/priaansh-gupta,1777750394.951157570,1777750402.291570902
github.com,https://github.com/Daacad44,1777750407.291784048,1777750413.391950607
github.com,https://github.com/github/gh-aw/pulls,1777750418.392181873,1777750425.094038963
google.com,https://www.google.com/intl/fr_ca/chromebook/chromeos-user/,1777750430.094410419,1777750437.298174620
geeksforgeeks.org,https://www.geeksforgeeks.org/interview-experiences/tejas-networks-interview-experience-on-campus-october-2024/,1777750442.298354864,1777750449.519745111
geeksforgeeks.org,https://www.geeksforgeeks.org/javascript/lodash-_-bitwiseor-method/,1777750454.519907951,1777750465.792787313
geeksforgeeks.org,https://www.geeksforgeeks.org/python/python-escape-reserved-characters-in-strings-list/,1777750470.792988777,1777750478.775447130
github.com,https://github.com/orbisvicis,1777750483.775612831,1777750493.840470552
github.com,https://github.com/helkhiana,1777750498.840683699,1777750504.921769619
yahoo.com,https://www.yahoo.com/lifestyle/articles/simple-trick-grandmother-taught-fluffiest-143000452.html,1777750509.921937227,1777750529.299024105
github.com,https://github.com/Captain-RedArcher,1777750534.299199820,1777750540.435290813
yahoo.com,https://www.yahoo.com/news/articles/auburndale-man-arrested-detectives-76-174322763.html,1777750545.435468435,1777750557.608764410
geeksforgeeks.org,https://www.geeksforgeeks.org/jquery/jqwidgets-jqxcalendar-refresh-method/,1777750562.608949900,1777750570.067766190
github.com,https://github.com/trending/oasv3-yaml,1777750575.067944288,1777750582.007970572
yahoo.com,https://www.yahoo.com/news/articles/coca-cola-laying-off-75-180602250.html,1777750587.008171082,1777750712.109493732
